Timestamp,Temperature,BatteryVoltage
2024-02-01 00:00:00,24.420804032450818,4.2
2024-02-01 00:10:00,25.59393498246706,4.080636757881199
2024-02-01 00:20:00,27.412532373224106,4.2
2024-02-01 00:30:00,27.5712474352384,4.2
2024-02-01 00:40:00,24.383295124249717,4.198121658962894
2024-02-01 00:50:00,26.266069422908704,4.186128879858539
2024-02-01 01:00:00,27.925155291413162,3.9443657483937655
2024-02-01 01:10:00,26.942986170942294,4.071841722068794
2024-02-01 01:20:00,24.773880002580118,4.19224129302454
2024-02-01 01:30:00,28.663781407216778,4.2
2024-02-01 01:40:00,30.24780065826202,4.2
2024-02-01 01:50:00,33.261097722559725,4.2
2024-02-01 02:00:00,32.32857143204276,4.146190113399392
2024-02-01 02:10:00,29.441452691681004,4.142117720847621
2024-02-01 02:20:00,29.520213125470978,4.2
2024-02-01 02:30:00,27.34025306749008,4.18045309507444
2024-02-01 02:40:00,29.10571906366503,4.2
2024-02-01 02:50:00,33.62108884445229,4.161285594500275
2024-02-01 03:00:00,31.31138682047092,4.199859867128806
2024-02-01 03:10:00,26.26249417867927,4.125467571172944
2024-02-01 03:20:00,28.932304788754887,4.2
2024-02-01 03:30:00,29.660155596085183,4.2
2024-02-01 03:40:00,33.86568697644848,3.938776798299573
2024-02-01 03:50:00,36.65156954978018,4.046315589784026
2024-02-01 04:00:00,28.96805969206529,4.2
2024-02-01 04:10:00,33.31699092103384,4.2
2024-02-01 04:20:00,53.875719279835415,4.2
2024-02-01 04:30:00,38.8005421118224,4.2
2024-02-01 04:40:00,33.05460164366106,4.152107449492767
2024-02-01 04:50:00,33.82115518025779,4.2
2024-02-01 05:00:00,12.601428751098133,4.2
2024-02-01 05:10:00,37.517248386827674,4.2
2024-02-01 05:20:00,36.237226724283374,4.2
2024-02-01 05:30:00,36.6158676445937,4.1243730762662665
2024-02-01 05:40:00,32.97696885084739,4.2
2024-02-01 05:50:00,35.273998037412916,4.188973982329417
2024-02-01 06:00:00,31.427042770604622,4.2
2024-02-01 06:10:00,38.502887401340914,4.2
2024-02-01 06:20:00,30.938687339980905,4.2
2024-02-01 06:30:00,32.25386292945382,4.121005888816326
2024-02-01 06:40:00,37.018624351539046,4.2
2024-02-01 06:50:00,33.64925322670554,4.2
2024-02-01 07:00:00,33.824077162448766,4.08538211720838
2024-02-01 07:10:00,37.59255090313741,4.2
2024-02-01 07:20:00,37.094843423983946,4.170237130228972
2024-02-01 07:30:00,30.988392185392275,4.031859008624598
2024-02-01 07:40:00,35.39143885785671,4.071586983270516
2024-02-01 07:50:00,36.256788674724085,4.2
2024-02-01 08:00:00,35.56395885847668,4.2
2024-02-01 08:10:00,50.99141838039155,4.2
2024-02-01 08:20:00,35.14770784703976,4.15322742512176
2024-02-01 08:30:00,34.074615902187375,4.160154559775098
2024-02-01 08:40:00,34.31068384369284,4.1839450015403665
2024-02-01 08:50:00,31.706511510200173,4.031780922369545
2024-02-01 09:00:00,31.28190667828702,4.2
2024-02-01 09:10:00,35.851559165498244,4.152046335523916
2024-02-01 09:20:00,31.431358083539116,4.01847348847922
2024-02-01 09:30:00,31.916581592304624,3.9519328333800408
2024-02-01 09:40:00,33.22880815307365,4.2
2024-02-01 09:50:00,33.56571497030201,4.2
2024-02-01 10:00:00,29.736155253390915,4.13140461272036
2024-02-01 10:10:00,31.222398806537203,4.06574814099244
2024-02-01 10:20:00,31.0496113578223,4.2
2024-02-01 10:30:00,26.86017825792755,4.117311587166852
2024-02-01 10:40:00,30.028735437155262,4.0998555364020675
2024-02-01 10:50:00,27.179841494865034,4.2
2024-02-01 11:00:00,27.71542022725149,4.2
2024-02-01 11:10:00,26.473387306484202,4.2
2024-02-01 11:20:00,27.09931909026188,4.2
2024-02-01 11:30:00,27.99818745206348,4.2
2024-02-01 11:40:00,24.926103495372146,4.162612492219842
2024-02-01 11:50:00,25.83785992813997,4.2
2024-02-01 12:00:00,25.715606319856924,4.187037696642754
2024-02-01 12:10:00,24.79383602528687,4.1583008052154655
2024-02-01 12:20:00,22.479473040157586,4.2
2024-02-01 12:30:00,23.467898013768078,4.111954958377645
2024-02-01 12:40:00,21.631466691093383,4.2
2024-02-01 12:50:00,20.719832168710145,4.2
2024-02-01 13:00:00,23.49190041539954,4.191809061038799
2024-02-01 13:10:00,21.44920067390101,4.168404100912094
2024-02-01 13:20:00,23.692903601939072,4.113964863168141
2024-02-01 13:30:00,20.3943632335512,3.9844184408271497
2024-02-01 13:40:00,22.489681536118635,4.0196244938454395
2024-02-01 13:50:00,22.210102025678513,4.101345227974635
2024-02-01 14:00:00,19.014065485223973,4.2
2024-02-01 14:10:00,23.244767805656554,4.2
2024-02-01 14:20:00,15.978153780872153,4.123766389492977
2024-02-01 14:30:00,20.15722768716373,4.004749524934216
2024-02-01 14:40:00,19.58541165273522,4.2
2024-02-01 14:50:00,18.680701912656996,4.0397643054268135
2024-02-01 15:00:00,19.959589690155266,4.170800102523257
2024-02-01 15:10:00,16.664952099369113,4.175514743443026
2024-02-01 15:20:00,14.247860004573289,4.1938881008726
2024-02-01 15:30:00,14.28913205883541,4.2
2024-02-01 15:40:00,17.52815264326985,4.2
2024-02-01 15:50:00,16.67661570489518,3.9878021155940346
2024-02-01 16:00:00,14.87562137055389,4.2
2024-02-01 16:10:00,17.67927662568814,4.151888355607836
2024-02-01 16:20:00,15.411564114308456,4.181055756377432
2024-02-01 16:30:00,15.53817397178899,4.2
2024-02-01 16:40:00,17.322184498499645,4.039776382642092
2024-02-01 16:50:00,14.136264600393668,4.153907477034855
2024-02-01 17:00:00,16.583068537786772,4.042960456365156
2024-02-01 17:10:00,17.391020568832705,3.9323452344063723
2024-02-01 17:20:00,16.703942681228796,3.9207862675999348
2024-02-01 17:30:00,11.76832678115065,4.160320520408101
2024-02-01 17:40:00,18.05805690994091,3.7355327385231663
2024-02-01 17:50:00,14.875785509747578,4.05297373784072
2024-02-01 18:00:00,17.70221880967116,4.0634539032443655
2024-02-01 18:10:00,13.13588498088626,4.10918686152963
2024-02-01 18:20:00,14.342331718316778,4.148748301622383
2024-02-01 18:30:00,14.021528823100578,4.2
2024-02-01 18:40:00,14.644988148739305,4.2
2024-02-01 18:50:00,13.251190798036017,3.8383130701223305
2024-02-01 19:00:00,14.39109872145246,4.2
2024-02-01 19:10:00,13.597648110855747,4.183720367447919
2024-02-01 19:20:00,11.982274142355335,4.116859448841214
2024-02-01 19:30:00,18.953807148340587,4.03177262845366
2024-02-01 19:40:00,16.838157644551636,4.2
2024-02-01 19:50:00,15.937408506474686,4.1106368844525685
2024-02-01 20:00:00,17.872093911401407,4.2
2024-02-01 20:10:00,19.952195080764014,4.2
2024-02-01 20:20:00,18.48746571700155,4.042549058318939
2024-02-01 20:30:00,16.982221809776696,4.062857817031356
2024-02-01 20:40:00,18.8293470171333,4.096971786047492
2024-02-01 20:50:00,18.57600964707591,4.148862314620944
2024-02-01 21:00:00,16.975115501840293,4.15450195126869
2024-02-01 21:10:00,17.580061742775168,4.071821097786708
2024-02-01 21:20:00,19.68797805065072,3.9641068608543506
2024-02-01 21:30:00,18.797096810148137,4.052835345870908
2024-02-01 21:40:00,17.792730412333363,4.04779512696973
2024-02-01 21:50:00,21.034535945099336,4.15623397905825
2024-02-01 22:00:00,20.101195094667233,4.155191880694297
2024-02-01 22:10:00,22.50827899337703,4.170636222227364
2024-02-01 22:20:00,19.466582494325007,4.068459575400928
2024-02-01 22:30:00,21.523754884707536,4.2
2024-02-01 22:40:00,19.535087813635617,4.137227354136592
2024-02-01 22:50:00,19.76794692557781,4.041392029449674
2024-02-01 23:00:00,41.023745056098306,4.10653311245681
2024-02-01 23:10:00,24.244252775698495,4.06281361258352
2024-02-01 23:20:00,26.141866308299427,3.9736749495620667
2024-02-01 23:30:00,25.95588215554997,4.111792302872017
2024-02-01 23:40:00,26.976634687814375,4.094049739903307
2024-02-01 23:50:00,23.54617205899492,4.2
2024-02-02 00:00:00,24.88595548218588,4.2
2024-02-02 00:10:00,29.131180933291393,4.126622675179987
2024-02-02 00:20:00,27.425532845102133,4.100213697696069
2024-02-02 00:30:00,22.93886303181714,4.131969156035655
2024-02-02 00:40:00,31.180380473103938,4.020136778725905
2024-02-02 00:50:00,29.214074128066613,4.0717927976463
2024-02-02 01:00:00,25.830889961428227,4.091377544578867
2024-02-02 01:10:00,25.365149155354743,4.026822359488682
2024-02-02 01:20:00,24.440701695002517,4.2
2024-02-02 01:30:00,10.075684332155184,4.175800859604772
2024-02-02 01:40:00,28.479885710374,4.1131707893329255
2024-02-02 01:50:00,31.69190949350069,3.8803407437391435
2024-02-02 02:00:00,29.285707713636157,3.985465134207848
2024-02-02 02:10:00,32.269810230983666,4.012742058924125
2024-02-02 02:20:00,30.637317254351444,4.076330926048779
2024-02-02 02:30:00,28.482250463287134,4.087842793939586
2024-02-02 02:40:00,33.19902105591098,4.093702308823726
2024-02-02 02:50:00,33.48353988161475,4.140513080253905
2024-02-02 03:00:00,31.557154908058788,4.2
2024-02-02 03:10:00,33.35434115021063,4.073503248106662
2024-02-02 03:20:00,31.73419883443319,4.2
2024-02-02 03:30:00,30.623499580375103,4.034577353946305
2024-02-02 03:40:00,33.88664676009103,4.081713755674224
2024-02-02 03:50:00,33.72215580849461,4.097821803997999
2024-02-02 04:00:00,32.83467451169739,4.083203390252575
2024-02-02 04:10:00,36.596564859860365,4.015792163641212
2024-02-02 04:20:00,31.31922205206854,4.109547034816646
2024-02-02 04:30:00,37.39420694246019,3.974869754492239
2024-02-02 04:40:00,34.293763821307486,4.058133353657583
2024-02-02 04:50:00,32.03405179763058,4.2
2024-02-02 05:00:00,35.888913929440584,4.158119814607042
2024-02-02 05:10:00,33.81555101642873,4.14642269622365
2024-02-02 05:20:00,33.467244425784436,4.061730601885792
2024-02-02 05:30:00,34.390088672246094,4.178335661961107
2024-02-02 05:40:00,33.18492795989195,4.15595617175459
2024-02-02 05:50:00,34.321533112595446,4.156571765031095
2024-02-02 06:00:00,34.91139653417761,4.08403200595141
2024-02-02 06:10:00,36.302297454858476,3.99303260343544
2024-02-02 06:20:00,36.63961276861443,4.2
2024-02-02 06:30:00,34.4840976200861,4.156154126194883
2024-02-02 06:40:00,36.44888323754033,4.039983996964724
2024-02-02 06:50:00,31.300548919284886,4.106572332321572
2024-02-02 07:00:00,30.44577912391351,4.2
2024-02-02 07:10:00,29.32119826390668,4.163715008344975
2024-02-02 07:20:00,52.90450381627789,4.2
2024-02-02 07:30:00,34.76295797595129,4.023767550695743
2024-02-02 07:40:00,35.43536704267042,4.04703290622543
2024-02-02 07:50:00,31.224417889082122,4.2
2024-02-02 08:00:00,35.177503772151,4.1287601419312505
2024-02-02 08:10:00,30.142257412424062,3.9912396310077196
2024-02-02 08:20:00,34.473787998861226,3.9611768871146067
2024-02-02 08:30:00,36.938980182729765,4.190285792873492
2024-02-02 08:40:00,30.576402709668574,3.9988296105067818
2024-02-02 08:50:00,34.43131904681754,4.133097349248063
2024-02-02 09:00:00,33.7662849324352,4.19704692468989
2024-02-02 09:10:00,33.66147906673429,3.9398968651839654
2024-02-02 09:20:00,27.07174010181889,4.0292225986445676
2024-02-02 09:30:00,31.714212127318966,4.075645862370752
2024-02-02 09:40:00,30.309190952767256,4.0078474541551605
2024-02-02 09:50:00,30.35708895215635,4.0195695087953744
2024-02-02 10:00:00,33.5243276186688,4.0554032972984855
2024-02-02 10:10:00,11.309734290727125,4.128952516510751
2024-02-02 10:20:00,29.180368261934255,4.125114269957666
2024-02-02 10:30:00,28.84584084808174,4.151188965268817
2024-02-02 10:40:00,26.475158620192374,4.0832748210478975
2024-02-02 10:50:00,25.005368906421477,4.052400154773888
2024-02-02 11:00:00,29.372504133154834,4.081095956261071
2024-02-02 11:10:00,22.812955680690184,4.097938392229728
2024-02-02 11:20:00,27.17427978226311,4.00324871666371
2024-02-02 11:30:00,27.713124322999217,4.113284337336297
2024-02-02 11:40:00,26.50542674520797,4.129841929260514
2024-02-02 11:50:00,28.010000053299255,4.121021449067957
2024-02-02 12:00:00,26.239108677131185,4.1145206650866175
2024-02-02 12:10:00,22.831985446022102,4.025550262381341
2024-02-02 12:20:00,22.290135793069297,4.055612076041323
2024-02-02 12:30:00,21.786762480001578,4.075836615603993
2024-02-02 12:40:00,24.936807668097366,4.2
2024-02-02 12:50:00,23.304962898990645,4.098431686850342
2024-02-02 13:00:00,21.86619589107549,4.095589554805671
2024-02-02 13:10:00,18.501441013236818,4.2
2024-02-02 13:20:00,23.425602583463892,4.046660762223737
2024-02-02 13:30:00,17.591720608641644,3.997381499884649
2024-02-02 13:40:00,21.500154433603797,4.086778433487446
2024-02-02 13:50:00,20.802359295805413,4.045574533958825
2024-02-02 14:00:00,20.463659156800688,3.951124112795131
2024-02-02 14:10:00,20.287278848089368,4.023759270882952
2024-02-02 14:20:00,22.589979508422,4.058352068598175
2024-02-02 14:30:00,14.197646250340249,3.982664118344835
2024-02-02 14:40:00,15.458840988438011,4.015763657130571
2024-02-02 14:50:00,18.062681434867955,4.1944751559026425
2024-02-02 15:00:00,15.630357018927603,3.9802302250382233
2024-02-02 15:10:00,16.43901073398643,3.940869559425827
2024-02-02 15:20:00,17.795930236785633,4.05375592908861
2024-02-02 15:30:00,18.390764813741395,4.140118208174589
2024-02-02 15:40:00,16.156207092935407,4.060851546983569
2024-02-02 15:50:00,18.567790722990637,3.924373444972106
2024-02-02 16:00:00,16.812450405288516,4.1080584215840155
2024-02-02 16:10:00,17.59859917583396,4.0466088086993
2024-02-02 16:20:00,16.0382852518516,4.149765120524001
2024-02-02 16:30:00,15.018252421059339,4.006839532301911
2024-02-02 16:40:00,14.584428831137926,3.965617097109672
2024-02-02 16:50:00,12.463495567388822,4.2
2024-02-02 17:00:00,15.59568617448702,4.055637657066376
2024-02-02 17:10:00,18.207017239303845,4.102349218072253
2024-02-02 17:20:00,18.06898257036585,4.2
2024-02-02 17:30:00,14.14463161810334,4.070550405129195
2024-02-02 17:40:00,15.948084133313953,4.023117118059879
2024-02-02 17:50:00,14.07488594622971,4.013368343347751
2024-02-02 18:00:00,18.765425647255896,4.2
2024-02-02 18:10:00,14.963702397210984,4.159413091583399
2024-02-02 18:20:00,16.25310208392765,4.0366317834724565
2024-02-02 18:30:00,13.248507080340039,3.9074308250168452
2024-02-02 18:40:00,15.782718749580573,4.061564456503615
2024-02-02 18:50:00,17.132538842742193,4.098174706409997
2024-02-02 19:00:00,16.591632751838134,4.044631652277726
2024-02-02 19:10:00,15.723318750255512,4.179864614541563
2024-02-02 19:20:00,15.751973630058965,4.040385676066714
2024-02-02 19:30:00,14.746629630082387,3.922628387537339
2024-02-02 19:40:00,18.433815105034537,4.103086163477168
2024-02-02 19:50:00,16.806784485962527,4.033928160339056
2024-02-02 20:00:00,16.847611861041404,4.028209976751694
2024-02-02 20:10:00,13.489061467036358,4.084551518023091
2024-02-02 20:20:00,13.33222197628676,4.147975500890496
2024-02-02 20:30:00,14.52567339731253,4.058987281551053
2024-02-02 20:40:00,18.298294642450728,3.991061378879219
2024-02-02 20:50:00,16.96444975682298,4.048614036951757
2024-02-02 21:00:00,19.655929272028448,4.11774784247081
2024-02-02 21:10:00,16.825808912072468,3.9980069403898466
2024-02-02 21:20:00,18.919764845938783,4.1207685411713495
2024-02-02 21:30:00,17.167688348869998,3.97053843330857
2024-02-02 21:40:00,19.748391939459026,4.065683544377602
2024-02-02 21:50:00,19.125850151846024,3.999592081334445
2024-02-02 22:00:00,20.55429602096903,3.945453930502584
2024-02-02 22:10:00,25.28586628939041,3.999819737702493
2024-02-02 22:20:00,19.621143514185974,3.598737355296108
2024-02-02 22:30:00,22.157892165370036,4.15248469382826
2024-02-02 22:40:00,22.772709064172453,4.121783604012937
2024-02-02 22:50:00,23.862712889350288,3.9296006705017152
2024-02-02 23:00:00,21.646137790085646,3.9697641587853694
2024-02-02 23:10:00,23.75980509981311,4.2
2024-02-02 23:20:00,21.098353028023126,4.0595708621002125
2024-02-02 23:30:00,23.330338336178304,4.029348812738864
2024-02-02 23:40:00,26.237475985964988,4.14980190825319
2024-02-02 23:50:00,24.454680015197418,4.113577953801812
2024-02-03 00:00:00,23.269025907728306,3.8493001584318254
2024-02-03 00:10:00,25.537434786606227,4.090642820160062
2024-02-03 00:20:00,23.343688224673514,4.2
2024-02-03 00:30:00,22.757416596426353,4.006158810663865
2024-02-03 00:40:00,24.437562455500228,4.17757128835549
2024-02-03 00:50:00,29.202369214786508,4.010954533260534
2024-02-03 01:00:00,30.870663976541817,3.942028956151215
2024-02-03 01:10:00,27.195113404379473,4.194013188193999
2024-02-03 01:20:00,45.0716214455845,4.068667755417283
2024-02-03 01:30:00,28.77225332172902,4.146822260114156
2024-02-03 01:40:00,29.690315458509257,4.024055787816685
2024-02-03 01:50:00,34.682090840437965,4.037014539295424
2024-02-03 02:00:00,30.13343818108907,4.133744042272381
2024-02-03 02:10:00,32.74163399005706,4.045820968490199
2024-02-03 02:20:00,30.59137943479806,4.079303284667429
2024-02-03 02:30:00,33.73734188426186,3.8590746559009035
2024-02-03 02:40:00,32.69737128410958,4.051945064566762
2024-02-03 02:50:00,32.5232390999285,3.867676429920424
2024-02-03 03:00:00,27.69277567210507,4.125711475879631
2024-02-03 03:10:00,32.90792843790618,3.8897532278612905
2024-02-03 03:20:00,49.087489925311445,4.148129146998402
2024-02-03 03:30:00,35.20466146065789,3.9858692540917833
2024-02-03 03:40:00,32.406931719767094,3.9875724060393045
2024-02-03 03:50:00,31.312413724364337,3.8000895895134974
2024-02-03 04:00:00,30.52980958978598,4.136631704310205
2024-02-03 04:10:00,36.026640502482074,4.1223921824391585
2024-02-03 04:20:00,33.19227177297966,3.9411789950130665
2024-02-03 04:30:00,37.19869547887213,4.024463090671111
2024-02-03 04:40:00,34.64437474678217,3.927506831893765
2024-02-03 04:50:00,38.36550849976365,3.558659067645369
2024-02-03 05:00:00,33.47848683831502,4.073116217873356
2024-02-03 05:10:00,32.474200224091895,4.169124951106853
2024-02-03 05:20:00,31.980481558597955,4.067969657902659
2024-02-03 05:30:00,37.53306263394757,3.9865111258792414
2024-02-03 05:40:00,37.2540378415698,4.1216719113090905
2024-02-03 05:50:00,34.24632513107277,4.178125933744394
2024-02-03 06:00:00,33.70830960769571,4.1057309409267875
2024-02-03 06:10:00,35.98128490679396,4.014660225729694
2024-02-03 06:20:00,34.139217382789454,4.061962280760414
2024-02-03 06:30:00,35.355779041493854,4.177165124127781
2024-02-03 06:40:00,34.87518868213448,4.028401860983855
2024-02-03 06:50:00,34.881869824724625,4.036096281126927
2024-02-03 07:00:00,36.08056215937438,4.044828503180047
2024-02-03 07:10:00,33.031202678545405,3.9445481945975316
2024-02-03 07:20:00,34.143255814426674,4.0730846010294695
2024-02-03 07:30:00,34.03317921858465,4.091875410562882
2024-02-03 07:40:00,34.20186185366142,4.071524586496935
2024-02-03 07:50:00,31.369252524938997,4.021537055946026
2024-02-03 08:00:00,36.70722932873986,3.986094670301159
2024-02-03 08:10:00,31.971491421246874,4.152270974859186
2024-02-03 08:20:00,33.19908707442827,4.035112388436731
2024-02-03 08:30:00,32.82182829212282,4.195193588775684
2024-02-03 08:40:00,32.34868585966514,3.907055661756599
2024-02-03 08:50:00,34.42714257497697,4.092670488751923
2024-02-03 09:00:00,34.03112193619966,4.015073146901294
2024-02-03 09:10:00,28.31509671824054,4.021648939519657
2024-02-03 09:20:00,32.50115977261734,4.1947024271284405
2024-02-03 09:30:00,30.151679215237575,4.0572025998530235
2024-02-03 09:40:00,28.270969484269738,4.140994520715325
2024-02-03 09:50:00,29.263645827930954,3.9795754629336058
2024-02-03 10:00:00,30.712098948010212,3.87998655891555
2024-02-03 10:10:00,29.552027900634197,4.108653299150387
2024-02-03 10:20:00,27.886149292480074,4.148608167689722
2024-02-03 10:30:00,27.07308647462341,4.069135098105394
2024-02-03 10:40:00,26.098825035152146,4.083078884231706
2024-02-03 10:50:00,30.508210555548555,3.8659865405316314
2024-02-03 11:00:00,27.64420461270025,3.9076229173772274
2024-02-03 11:10:00,29.98238088065922,4.075242607994966
2024-02-03 11:20:00,22.014041771656323,3.9266702069109947
2024-02-03 11:30:00,26.31024497979517,4.032649638365943
2024-02-03 11:40:00,24.899745642895663,4.005352583550215
2024-02-03 11:50:00,26.22935452044147,4.037811967745167
2024-02-03 12:00:00,21.263787891373575,4.164113401326857
2024-02-03 12:10:00,25.604251751608306,4.029101379316734
2024-02-03 12:20:00,26.976909071428885,4.0802811844546305
2024-02-03 12:30:00,21.49093732836339,4.06706367789642
2024-02-03 12:40:00,24.01943721505564,4.142308520250191
2024-02-03 12:50:00,24.027070663900904,4.035566838535579
2024-02-03 13:00:00,23.94780774071344,3.846371254890686
2024-02-03 13:10:00,21.330771154562903,4.2
2024-02-03 13:20:00,20.26015527838724,3.881968098877393
2024-02-03 13:30:00,22.146970624173942,3.9005374527219208
2024-02-03 13:40:00,19.18546870611174,4.167270442195582
2024-02-03 13:50:00,20.315884388869556,4.118457316374795
2024-02-03 14:00:00,19.686553689231562,4.152888901926623
2024-02-03 14:10:00,21.453187868673428,3.8682605259342053
2024-02-03 14:20:00,20.150230015236623,3.822341702647231
2024-02-03 14:30:00,14.548097193011863,3.9808985457156503
2024-02-03 14:40:00,16.14353417795082,4.101292008259684
2024-02-03 14:50:00,19.444762644838878,3.9584078532486338
2024-02-03 15:00:00,19.40584037272428,3.9752714463350434
2024-02-03 15:10:00,19.41727377046366,4.179314476701264
2024-02-03 15:20:00,18.704456146233415,4.073967585906269
2024-02-03 15:30:00,18.594956523371994,4.0335036382669385
2024-02-03 15:40:00,15.628020719881015,3.982013419574128
2024-02-03 15:50:00,16.871909713724023,4.2
2024-02-03 16:00:00,18.275665655243525,3.7971450287621797
2024-02-03 16:10:00,18.926755565125646,4.1290929357342945
2024-02-03 16:20:00,-5.9560251951603504,4.156653339902546
2024-02-03 16:30:00,13.920065103703662,4.004497396259378
2024-02-03 16:40:00,15.38274101065289,4.163349111447766
2024-02-03 16:50:00,15.474161455430721,3.9187077452708126
2024-02-03 17:00:00,15.348250694157445,4.007552682879225
2024-02-03 17:10:00,17.803784834198577,3.8953407806817677
2024-02-03 17:20:00,16.783879321074526,3.9851859020889537
2024-02-03 17:30:00,15.594239823563223,4.132922983344427
2024-02-03 17:40:00,14.774247921678773,4.026743280142896
2024-02-03 17:50:00,15.736703093620905,3.8834403933691695
2024-02-03 18:00:00,15.04743214590065,3.9997535563525575
2024-02-03 18:10:00,17.674300868904414,4.093334466452738
2024-02-03 18:20:00,13.70086311421874,3.9991737331772077
2024-02-03 18:30:00,13.664640877282977,4.057584429565778
2024-02-03 18:40:00,12.689951414515422,4.104202804157551
2024-02-03 18:50:00,16.435782339622914,3.873637338747742
2024-02-03 19:00:00,16.224780169461585,4.100986586772013
2024-02-03 19:10:00,13.47752259387903,4.071428674506491
2024-02-03 19:20:00,14.94359178769274,4.033288965989931
2024-02-03 19:30:00,12.51142478115592,4.1915897030126015
2024-02-03 19:40:00,16.51436459710655,4.009709503882989
2024-02-03 19:50:00,16.108923794572984,4.008600812799244
2024-02-03 20:00:00,15.542090967820366,4.117497492320561
2024-02-03 20:10:00,15.10717660613826,4.013830784995059
2024-02-03 20:20:00,18.422897498480573,4.001348646267712
2024-02-03 20:30:00,16.348375870000865,3.9592012094562814
2024-02-03 20:40:00,15.817845920830745,3.8847092344795047
2024-02-03 20:50:00,18.834180686018584,4.007953264905069
2024-02-03 21:00:00,18.40146724757689,3.8821932253937286
2024-02-03 21:10:00,19.957569003942808,3.9956750578138993
2024-02-03 21:20:00,19.40584085356,4.018415847154124
2024-02-03 21:30:00,17.44073226309023,3.9737708279396027
2024-02-03 21:40:00,21.308478210367973,4.004515602993839
2024-02-03 21:50:00,17.966991218640118,4.043905115117268
2024-02-03 22:00:00,18.155187802413412,3.9596465233886238
2024-02-03 22:10:00,19.3523580275613,3.871651328079432
2024-02-03 22:20:00,21.291314518359364,4.080652056299939
2024-02-03 22:30:00,21.39349921471722,4.171692627426897
2024-02-03 22:40:00,25.46448297166569,4.125868983850793
2024-02-03 22:50:00,20.825675019254653,3.9771822438495583
2024-02-03 23:00:00,19.95712884916104,4.022875761551716
2024-02-03 23:10:00,24.125658063677456,3.8204781365852143
2024-02-03 23:20:00,22.957716296787332,3.970380900724946
2024-02-03 23:30:00,27.251494362556514,3.952727700308351
2024-02-03 23:40:00,20.49424700201302,3.978569337397038
2024-02-03 23:50:00,20.99050539228592,4.024869890099122
2024-02-04 00:00:00,24.863128180358522,3.9633301327852206
2024-02-04 00:10:00,25.7118894656257,3.842042604634315
2024-02-04 00:20:00,27.91024164782742,3.919678225057759
2024-02-04 00:30:00,27.959093512874002,4.0163998770441625
2024-02-04 00:40:00,27.219035924616946,4.13275845059791
2024-02-04 00:50:00,29.998619951571435,3.757978022308217
2024-02-04 01:00:00,25.03287278894657,3.955802514524813
2024-02-04 01:10:00,28.82620864469976,4.0087681286195815
2024-02-04 01:20:00,26.76500235860682,3.9306587793055274
2024-02-04 01:30:00,27.581238030729338,4.050498788657994
2024-02-04 01:40:00,29.2794136949174,4.073107494108955
2024-02-04 01:50:00,27.925161900568057,4.0120904616086825
2024-02-04 02:00:00,30.5557216416825,3.935639623123515
2024-02-04 02:10:00,29.647994295804732,4.2
2024-02-04 02:20:00,36.58084915014091,3.922963649997212
2024-02-04 02:30:00,30.04440395948823,3.9411463869602223
2024-02-04 02:40:00,30.594463709774526,3.989930916603695
2024-02-04 02:50:00,29.975585933718733,3.8807739175925766
2024-02-04 03:00:00,30.246958253361115,3.9766969995305494
2024-02-04 03:10:00,31.443897680173887,4.040964290386716
2024-02-04 03:20:00,33.7971646024378,4.055875953311249
2024-02-04 03:30:00,32.5691084726511,3.963035832685367
2024-02-04 03:40:00,34.07832887466011,3.960210432199785
2024-02-04 03:50:00,33.095715005785166,3.9523674626209075
2024-02-04 04:00:00,32.896994738194024,4.151912800387361
2024-02-04 04:10:00,33.18815088637517,3.961825538199909
2024-02-04 04:20:00,36.373364487154035,3.9917131704974746
2024-02-04 04:30:00,31.022100024794852,3.8861024639399533
2024-02-04 04:40:00,35.830778687254686,4.045114763000367
2024-02-04 04:50:00,34.73274937133237,4.088747386796255
2024-02-04 05:00:00,37.82965134652119,4.048592747608429
2024-02-04 05:10:00,36.27281452571121,4.052478153344742
2024-02-04 05:20:00,34.01159342654909,3.931367078338586
2024-02-04 05:30:00,32.42789387478441,3.8075662616930073
2024-02-04 05:40:00,37.969117553238874,3.8752194806896245
2024-02-04 05:50:00,33.56519982140018,3.9761488200864923
2024-02-04 06:00:00,32.28572817210844,4.058631919174631
2024-02-04 06:10:00,34.713365882497406,4.06752024732144
2024-02-04 06:20:00,33.51329410470111,4.055921983552644
2024-02-04 06:30:00,37.13248365579172,3.889666997373382
2024-02-04 06:40:00,35.515786732878205,4.0186813225415525
2024-02-04 06:50:00,34.62874270696057,4.049838133008165
2024-02-04 07:00:00,37.045827199374635,3.923619135310626
2024-02-04 07:10:00,35.58837942150323,3.940063165171396
2024-02-04 07:20:00,32.24302014104433,4.099374698910493
2024-02-04 07:30:00,30.4914020104261,3.8929897715495736
2024-02-04 07:40:00,31.367295646340157,3.884139141005719
2024-02-04 07:50:00,34.55924132304413,3.888611051410974
2024-02-04 08:00:00,32.32483690712911,4.044286758374006
2024-02-04 08:10:00,39.063047081358754,3.980510564876934
2024-02-04 08:20:00,31.888869115800027,4.008508235682971
2024-02-04 08:30:00,33.119606685258276,4.101208922815792
2024-02-04 08:40:00,35.84206858796981,3.9073772053654223
2024-02-04 08:50:00,33.048884580791494,3.922484533358123
2024-02-04 09:00:00,32.775553367627644,3.969315759657931
2024-02-04 09:10:00,31.282231016806247,3.8719044896922146
2024-02-04 09:20:00,29.25800137664157,4.1398147889213135
2024-02-04 09:30:00,29.605940426613,4.2
2024-02-04 09:40:00,27.004464089296203,3.8154946641246914
2024-02-04 09:50:00,30.756187764098073,3.9278239567291093
2024-02-04 10:00:00,27.897628451547366,4.090385846161786
2024-02-04 10:10:00,27.564911983642105,3.990495976950294
2024-02-04 10:20:00,27.372696044003337,3.7689874046268064
2024-02-04 10:30:00,30.24957905923801,3.8979167963203096
2024-02-04 10:40:00,28.783673314917976,3.8513360416736915
2024-02-04 10:50:00,26.749325451018823,4.025978793717287
2024-02-04 11:00:00,28.58096960760676,3.8866676652384466
2024-02-04 11:10:00,28.02844040990412,3.84475538361896
2024-02-04 11:20:00,28.1714364513501,3.8923550209254656
2024-02-04 11:30:00,25.759005632525447,3.736990538417178
2024-02-04 11:40:00,25.753391066360656,3.9663575874835115
2024-02-04 11:50:00,24.160309751251162,4.065589086096656
2024-02-04 12:00:00,27.962535726751042,3.8359298327061575
2024-02-04 12:10:00,26.166671902208368,4.123066105692204
2024-02-04 12:20:00,25.81698492072501,4.006748637652196
2024-02-04 12:30:00,28.10915196820021,3.886997396006698
2024-02-04 12:40:00,23.2877974687342,4.027939570416209
2024-02-04 12:50:00,24.110465949832456,3.8763940505507106
2024-02-04 13:00:00,20.997732694876937,3.9539666018166195
2024-02-04 13:10:00,21.861654616549444,4.030218387438185
2024-02-04 13:20:00,19.913233850878566,3.9268729548200025
2024-02-04 13:30:00,19.817458687613158,3.903668263985042
2024-02-04 13:40:00,19.91091086847831,3.812511148983274
2024-02-04 13:50:00,17.195600333089,3.784862878075425
2024-02-04 14:00:00,18.747741552948884,4.136010462305508
2024-02-04 14:10:00,16.73021474555808,3.873832397079704
2024-02-04 14:20:00,19.41286644179879,3.8948136953294195
2024-02-04 14:30:00,18.470237367696466,3.8323776344781777
2024-02-04 14:40:00,16.766414689778085,3.8055934845381163
2024-02-04 14:50:00,16.51377000454113,4.022153800364706
2024-02-04 15:00:00,17.878555021491135,3.958566996407577
2024-02-04 15:10:00,17.363504508622682,3.838189729289232
2024-02-04 15:20:00,17.589903488583808,3.969699255230079
2024-02-04 15:30:00,13.244829136571699,4.075926067454289
2024-02-04 15:40:00,-1.5954362838717486,3.8789225336612256
2024-02-04 15:50:00,18.222920733422594,3.908052329489535
2024-02-04 16:00:00,17.3683115095042,3.8960651451975177
2024-02-04 16:10:00,18.43491085532677,3.8686710679227803
2024-02-04 16:20:00,16.319925390462625,4.083899676223356
2024-02-04 16:30:00,17.070239758086444,4.044419191550563
2024-02-04 16:40:00,12.786743637970991,3.997410003752199
2024-02-04 16:50:00,13.526610739888511,3.9988084486077917
2024-02-04 17:00:00,18.64509320967061,3.705312394375646
2024-02-04 17:10:00,15.400928416384964,3.8020390939575055
2024-02-04 17:20:00,16.40990338238672,3.9279724183081566
2024-02-04 17:30:00,16.31872765086943,3.7292556977232834
2024-02-04 17:40:00,16.715072379348886,3.9343685554783727
2024-02-04 17:50:00,18.21180909769888,3.9356310411912383
2024-02-04 18:00:00,14.126538908937583,4.0009132093801725
2024-02-04 18:10:00,18.67614332383283,4.037973343578617
2024-02-04 18:20:00,12.540537640096211,3.941169725720893
2024-02-04 18:30:00,13.96450032599572,3.8019921329651147
2024-02-04 18:40:00,15.321297047227526,3.892103051936202
2024-02-04 18:50:00,17.524311716013468,3.83712158974033
2024-02-04 19:00:00,12.17273319039765,3.9408131901070336
2024-02-04 19:10:00,14.378669110113522,3.7799208982026378
2024-02-04 19:20:00,14.934380569025114,3.8096869250179592
2024-02-04 19:30:00,17.130398533499896,3.8328293589513627
2024-02-04 19:40:00,15.117624816223177,3.917264726857454
2024-02-04 19:50:00,14.652224881089914,3.781930224323535
2024-02-04 20:00:00,16.87802932773251,3.829182987545953
2024-02-04 20:10:00,19.39247994936699,3.44068226300682
2024-02-04 20:20:00,14.427357200707181,3.9064154687785617
2024-02-04 20:30:00,20.33298130233759,3.9133990419873426
2024-02-04 20:40:00,18.33985017304601,3.9041438744278585
2024-02-04 20:50:00,16.102316420273866,3.9606413937856586
2024-02-04 21:00:00,19.65067712972441,3.863341691166734
2024-02-04 21:10:00,20.104023162234128,3.99435687743219
2024-02-04 21:20:00,20.023662991103283,3.7877968591203834
2024-02-04 21:30:00,21.10908927544659,3.898240622387771
2024-02-04 21:40:00,20.259441469652398,3.7738122411429145
2024-02-04 21:50:00,21.952468713173143,3.7746850377692844
2024-02-04 22:00:00,20.289021764589144,3.712285911512742
2024-02-04 22:10:00,21.712002204581484,3.901407688674923
2024-02-04 22:20:00,21.425192394832393,3.998207184162395
2024-02-04 22:30:00,20.29093993289287,4.000122050336008
2024-02-04 22:40:00,21.537214985429518,3.947243161554505
2024-02-04 22:50:00,24.956328395942684,3.8834635809643325
2024-02-04 23:00:00,26.709425849038315,3.8083383157423185
2024-02-04 23:10:00,22.357340766843386,3.876775074318655
2024-02-04 23:20:00,24.028985167737332,3.9324425772922686
2024-02-04 23:30:00,22.658629999298885,3.85569660634741
2024-02-04 23:40:00,20.468547423161777,3.922262743922716
2024-02-04 23:50:00,4.635209024553042,3.9874068801616107
2024-02-05 00:00:00,27.892039051237994,3.7748915778100836
2024-02-05 00:10:00,26.38370236531951,3.767076587703189
2024-02-05 00:20:00,26.532310231951303,3.99659322270958
2024-02-05 00:30:00,25.264783211109567,3.8358716205235495
2024-02-05 00:40:00,27.50340151063564,3.9505095607813168
2024-02-05 00:50:00,26.285783891580834,3.908447322361436
2024-02-05 01:00:00,29.840574892525485,3.776286135473216
2024-02-05 01:10:00,29.668326673696697,3.886774940156104
2024-02-05 01:20:00,26.483981132064493,4.020180277233927
2024-02-05 01:30:00,26.32021161528215,3.7833464373972348
2024-02-05 01:40:00,29.348819524509842,3.9507995557398607
2024-02-05 01:50:00,26.492748563394436,3.9373631625239764
2024-02-05 02:00:00,29.655302956106766,3.902392702246686
2024-02-05 02:10:00,31.83610213663145,3.9064027436197692
2024-02-05 02:20:00,30.6281639694148,3.7608611197553534
2024-02-05 02:30:00,32.679124461101814,3.9552735244666337
2024-02-05 02:40:00,30.445450032885173,3.917341807144329
2024-02-05 02:50:00,32.397376923164266,3.9767749652053492
2024-02-05 03:00:00,33.89729942072297,3.7292435249319498
2024-02-05 03:10:00,31.702988645146007,3.9601210691688413
2024-02-05 03:20:00,35.63106012220919,3.7386563796670256
2024-02-05 03:30:00,34.463242378825235,4.020978830244782
2024-02-05 03:40:00,36.043349915866045,3.871986846835975
2024-02-05 03:50:00,29.908502253893044,4.124467624444545
2024-02-05 04:00:00,31.14564149129672,3.6729565803553714
2024-02-05 04:10:00,30.72966290448548,3.866329816707246
2024-02-05 04:20:00,34.41825474243002,4.0472675196246275
2024-02-05 04:30:00,37.070203787548586,3.963890299312926
2024-02-05 04:40:00,34.37141247781992,3.9413500498109397
2024-02-05 04:50:00,33.47284902494047,3.912438312715377
2024-02-05 05:00:00,34.474284393017726,3.7469105173264263
2024-02-05 05:10:00,37.10253017945838,3.706733258483455
2024-02-05 05:20:00,38.62026070697329,3.833578976077977
2024-02-05 05:30:00,34.23608027757933,3.7920966569435595
2024-02-05 05:40:00,32.011011832895875,3.9636266237605238
2024-02-05 05:50:00,36.75323377907049,3.880415987235361
2024-02-05 06:00:00,35.0224667716721,4.2
2024-02-05 06:10:00,32.464975463122094,3.8606329686487784
2024-02-05 06:20:00,30.497958521527522,3.8332883153727457
2024-02-05 06:30:00,33.370958087848045,3.895670539238689
2024-02-05 06:40:00,31.357304465814213,3.961937286404179
2024-02-05 06:50:00,35.58960264665685,3.988685507948789
2024-02-05 07:00:00,38.48194440767335,3.813496050719256
2024-02-05 07:10:00,34.38065616481295,3.9818829254369077
2024-02-05 07:20:00,33.42254489596914,3.841601820388344
2024-02-05 07:30:00,32.00590512351818,4.0606375076843
2024-02-05 07:40:00,32.187787080880994,3.882444421438804
2024-02-05 07:50:00,30.514535532687376,3.783379864909208
2024-02-05 08:00:00,37.14436706725858,3.9809822923154776
2024-02-05 08:10:00,33.07397640092662,3.8317541634742036
2024-02-05 08:20:00,33.78587604321715,3.947171108469274
2024-02-05 08:30:00,34.44932564682998,4.056754084406443
2024-02-05 08:40:00,32.194097920274515,3.9398691492662725
2024-02-05 08:50:00,29.394438726589357,3.7701232075400957
2024-02-05 09:00:00,29.37549762268678,4.017112738790287
2024-02-05 09:10:00,29.520581227642833,4.023817383917997
2024-02-05 09:20:00,28.442296771784363,3.6688848613286433
2024-02-05 09:30:00,31.609373283268297,3.9010886231588784
2024-02-05 09:40:00,31.04086591238401,3.8126573789589324
2024-02-05 09:50:00,29.77680628966828,3.9754194253295383
2024-02-05 10:00:00,33.05236589594101,3.8036410198396435
2024-02-05 10:10:00,26.476897696010155,3.845310191351127
2024-02-05 10:20:00,29.417711634385483,3.9477353067875898
2024-02-05 10:30:00,27.70669517226915,4.012509448902397
2024-02-05 10:40:00,27.554476266466402,3.754304124824128
2024-02-05 10:50:00,30.045374826004515,3.8416596924444804
2024-02-05 11:00:00,29.049078897044794,3.7214054707533952
2024-02-05 11:10:00,27.986476394993304,3.8034035578388354
2024-02-05 11:20:00,27.932063982625653,3.8500051821370027
2024-02-05 11:30:00,22.957224940513495,3.8240927938447618
2024-02-05 11:40:00,27.435334087350384,4.0721617685725064
2024-02-05 11:50:00,25.459417888464117,3.9772282804586783
2024-02-05 12:00:00,26.245666554221703,3.8666407574276342
2024-02-05 12:10:00,26.537692638800493,3.7397522399828875
2024-02-05 12:20:00,23.116932032950096,3.6540830451115074
2024-02-05 12:30:00,23.396234293532846,3.8864400607175544
2024-02-05 12:40:00,21.54007613533622,3.890328956315733
2024-02-05 12:50:00,19.845022686377757,3.9003880065662537
2024-02-05 13:00:00,22.346806406648152,3.792012728061034
2024-02-05 13:10:00,19.401278965806714,3.8223156670180805
2024-02-05 13:20:00,19.526831703572846,3.828268255645049
2024-02-05 13:30:00,19.541735974753546,3.8515079479231744
2024-02-05 13:40:00,19.622384953170815,4.007496194181094
2024-02-05 13:50:00,19.392495898437506,3.7894486458128327
2024-02-05 14:00:00,18.687031124755276,4.075445483011599
2024-02-05 14:10:00,17.38215696265319,3.772631900377528
2024-02-05 14:20:00,17.96443935849265,3.954106927395701
2024-02-05 14:30:00,18.659711035380713,3.8229033130209475
2024-02-05 14:40:00,17.70149281728008,3.9369015426051583
2024-02-05 14:50:00,21.31891553814616,3.9676442452796405
2024-02-05 15:00:00,21.83357723463276,3.902051101084645
2024-02-05 15:10:00,20.233863008730896,3.8084154892064013
2024-02-05 15:20:00,15.614566932797523,3.8932326861841773
2024-02-05 15:30:00,12.17255439311616,3.6598692003393167
2024-02-05 15:40:00,19.514505884077646,3.7645388081459767
2024-02-05 15:50:00,13.721730058376167,3.8906291327151044
2024-02-05 16:00:00,15.422578547525898,3.9207921729669275
2024-02-05 16:10:00,18.076056452761147,3.9431860559228427
2024-02-05 16:20:00,18.553833795831867,3.9441143086427246
2024-02-05 16:30:00,15.485885620998413,3.8412746408303287
2024-02-05 16:40:00,13.69417174125596,3.877289331673171
2024-02-05 16:50:00,18.30737154973188,3.276212571990445
2024-02-05 17:00:00,11.158067473769435,4.077842051859756
2024-02-05 17:10:00,-2.391044376629985,3.7624272035048585
2024-02-05 17:20:00,17.79490634923358,3.8427350830320863
2024-02-05 17:30:00,16.81572469123852,3.7414828191626697
2024-02-05 17:40:00,13.035284643990119,3.925696495575998
2024-02-05 17:50:00,17.021691578082375,3.846351722593688
2024-02-05 18:00:00,12.763814904024958,3.646319017152744
2024-02-05 18:10:00,13.315488807164225,3.9164707813226345
2024-02-05 18:20:00,13.217369473257659,3.735856992636818
2024-02-05 18:30:00,14.268164239389355,3.898354955623711
2024-02-05 18:40:00,17.58990077689708,3.7178265545119986
2024-02-05 18:50:00,15.167886501581998,3.82470499070975
2024-02-05 19:00:00,13.501955619234645,3.653130820530247
2024-02-05 19:10:00,13.682210415365214,3.7296311016183
2024-02-05 19:20:00,15.748785724943769,3.6343841501767904
2024-02-05 19:30:00,15.424085444347565,4.006108495995583
2024-02-05 19:40:00,20.086296106050224,3.8622214476406453
2024-02-05 19:50:00,15.53688276511832,3.9567457813404223
2024-02-05 20:00:00,12.474880048010634,3.8705026529254116
2024-02-05 20:10:00,16.817789835362067,3.8589837044070188
2024-02-05 20:20:00,37.442592508743694,3.7318074076424166
2024-02-05 20:30:00,16.67494787411875,3.620846412431369
2024-02-05 20:40:00,20.08135994209705,3.7205366323634905
2024-02-05 20:50:00,18.19537516758782,3.731381748210095
2024-02-05 21:00:00,16.107521535937384,3.807098004128675
2024-02-05 21:10:00,16.202976974779666,3.859019847213202
2024-02-05 21:20:00,19.70319891424402,3.9026223326132596
2024-02-05 21:30:00,19.82194091926948,3.8814867005205036
2024-02-05 21:40:00,0.8765480058682442,3.908247613872427
2024-02-05 21:50:00,21.029767979124568,3.817082115350636
2024-02-05 22:00:00,20.571266752764597,3.7839255989669875
2024-02-05 22:10:00,24.46570243376873,3.8207526518135446
2024-02-05 22:20:00,21.43700466043075,3.948239356442354
2024-02-05 22:30:00,23.331943205828626,3.822860836856187
2024-02-05 22:40:00,18.99061189342947,3.662175021833356
2024-02-05 22:50:00,22.270829719639654,3.8417053969296227
2024-02-05 23:00:00,24.74169326651393,3.6040178699409404
2024-02-05 23:10:00,23.041903220360922,3.8071631337895737
2024-02-05 23:20:00,23.24377444226703,3.7968705515080963
2024-02-05 23:30:00,22.79241760999208,3.910176817217201
2024-02-05 23:40:00,26.369580549229216,3.8906870349591007
2024-02-05 23:50:00,25.984354611276032,3.825015816895095
2024-02-06 00:00:00,26.40962092708309,3.9667909050953245
2024-02-06 00:10:00,25.666242624420637,3.9070547631346852
2024-02-06 00:20:00,25.150802064782944,3.8610723543462098
2024-02-06 00:30:00,25.613880430120172,3.2979178106584848
2024-02-06 00:40:00,27.773777100547754,3.9353913172201924
2024-02-06 00:50:00,28.347809798924438,3.9779922270069306
2024-02-06 01:00:00,26.36035459121218,3.9106395882678195
2024-02-06 01:10:00,30.052799731542887,3.867826457084495
2024-02-06 01:20:00,25.682179730621705,3.687863973015895
2024-02-06 01:30:00,29.985511608146574,3.973106363901947
2024-02-06 01:40:00,31.040930644488213,3.6949360711195496
2024-02-06 01:50:00,32.930928976869595,3.87198060523687
2024-02-06 02:00:00,29.09990401886159,3.767677479169194
2024-02-06 02:10:00,31.795743391945702,3.785994927858311
2024-02-06 02:20:00,33.68928378152869,3.906978707549203
2024-02-06 02:30:00,30.587100822859725,3.934671465548096
2024-02-06 02:40:00,31.2341145690292,3.7474455459654004
2024-02-06 02:50:00,30.703296335001145,3.6690431009095823
2024-02-06 03:00:00,31.153053172304894,3.3227429764214307
2024-02-06 03:10:00,36.38569020952099,3.95208515108726
2024-02-06 03:20:00,34.045963784072356,3.9345406181892835
2024-02-06 03:30:00,34.815052879900385,3.7159534379741523
2024-02-06 03:40:00,34.602340485826794,3.88871854907326
2024-02-06 03:50:00,33.570085814367644,3.8327814670575067
2024-02-06 04:00:00,35.13872386338917,3.7176305838660495
2024-02-06 04:10:00,32.485672871336874,3.810602293444454
2024-02-06 04:20:00,34.17919487015545,3.755085345065325
2024-02-06 04:30:00,37.639404225197055,4.02541181316123
2024-02-06 04:40:00,35.982265271703106,3.8561438265769605
2024-02-06 04:50:00,33.52566063901481,3.823645824959173
2024-02-06 05:00:00,34.78680332673748,3.7930941921958503
2024-02-06 05:10:00,30.778142088786957,3.8608280465388556
2024-02-06 05:20:00,33.430474244868854,3.919042579605693
2024-02-06 05:30:00,33.63303979341231,3.6792238781953905
2024-02-06 05:40:00,29.395013404249525,3.961420061488568
2024-02-06 05:50:00,35.26254871711313,3.8950520055600903
2024-02-06 06:00:00,33.50413556229676,3.708923886067203
2024-02-06 06:10:00,37.6663456754919,3.962749867526921
2024-02-06 06:20:00,33.677616505345064,3.7629978878576913
2024-02-06 06:30:00,36.16418550554676,3.821382524304908
2024-02-06 06:40:00,36.049685370932,3.747853619288883
2024-02-06 06:50:00,34.00380129506904,3.882810476557452
2024-02-06 07:00:00,36.244777282092336,3.7496544610741243
2024-02-06 07:10:00,35.0906059241689,3.7987908679531506
2024-02-06 07:20:00,33.30956416741744,3.8191351233173667
2024-02-06 07:30:00,32.84946614158617,3.8515952219669827
2024-02-06 07:40:00,30.438293984984593,3.856179231318771
2024-02-06 07:50:00,36.12116943259295,3.88754311420397
2024-02-06 08:00:00,31.28125770555068,3.9222879611624237
2024-02-06 08:10:00,31.67340671956066,3.8176657413277355
2024-02-06 08:20:00,35.37515462433352,3.698930730563726
2024-02-06 08:30:00,29.434659667280055,3.84268044121931
2024-02-06 08:40:00,30.33307831081257,3.7748891866836454
2024-02-06 08:50:00,33.618911361656025,3.905429930051594
2024-02-06 09:00:00,27.856133767331396,3.8336731357686844
2024-02-06 09:10:00,29.711210271678098,3.7194712866181696
2024-02-06 09:20:00,29.102453302882108,3.7080344201057174
2024-02-06 09:30:00,32.33045732457887,3.82971459944931
2024-02-06 09:40:00,29.86245633398661,3.9160333235517597
2024-02-06 09:50:00,28.14853194606666,3.9180669711717546
2024-02-06 10:00:00,29.82743495877679,3.8256313216103464
2024-02-06 10:10:00,29.171542256660402,3.901180464096379
2024-02-06 10:20:00,30.368042116693946,3.782518649809824
2024-02-06 10:30:00,28.692586614285062,3.581216815900128
2024-02-06 10:40:00,30.053412626441965,3.864018861706801
2024-02-06 10:50:00,24.924762775263286,3.8512660898523565
2024-02-06 11:00:00,26.586522003617823,3.7572563445981912
2024-02-06 11:10:00,27.425834498379825,3.8434670030114866
2024-02-06 11:20:00,24.451846362395983,3.7764488781244054
2024-02-06 11:30:00,24.553734177972363,3.823525450065939
2024-02-06 11:40:00,28.41114987695418,3.741943921991509
2024-02-06 11:50:00,26.720308894956286,3.590812670055492
2024-02-06 12:00:00,24.6860716423333,3.7620785168026356
2024-02-06 12:10:00,19.099133126606397,3.8308142716281006
2024-02-06 12:20:00,23.195361476610564,3.8795933754742666
2024-02-06 12:30:00,17.385799978668047,3.9487153517308813
2024-02-06 12:40:00,24.346246107041473,4.006672656369301
2024-02-06 12:50:00,22.093648642309777,3.7076981598046084
2024-02-06 13:00:00,22.654056026843485,3.833154969273487
2024-02-06 13:10:00,18.365715781367655,3.692743142225312
2024-02-06 13:20:00,20.634805956434462,4.09847392156814
2024-02-06 13:30:00,18.846752163752264,3.9589732420505936
2024-02-06 13:40:00,17.458029895968455,3.7462218660388453
2024-02-06 13:50:00,20.37196274746718,3.8802018047049014
2024-02-06 14:00:00,13.863174009169303,3.6744828841870962
2024-02-06 14:10:00,18.65742150159931,3.7767814531999018
2024-02-06 14:20:00,19.054686946900347,3.9532123814349998
2024-02-06 14:30:00,17.16468426701507,3.7286873946242878
2024-02-06 14:40:00,19.68538678398628,3.586165157931487
2024-02-06 14:50:00,14.31430127805805,3.842063087469793
2024-02-06 15:00:00,15.502008186967828,3.6552045971378977
2024-02-06 15:10:00,17.530393618043963,3.8120795303418564
2024-02-06 15:20:00,17.879324709411396,3.7594668269335187
2024-02-06 15:30:00,15.864800274700896,3.742895315764593
2024-02-06 15:40:00,15.103317317193582,3.893361313679033
2024-02-06 15:50:00,14.7743439586458,3.6312007951905296
2024-02-06 16:00:00,18.310501263209595,3.6507234651338254
2024-02-06 16:10:00,18.74854019513538,3.813043228777225
2024-02-06 16:20:00,16.96679552465678,3.7990880377838705
2024-02-06 16:30:00,16.04889505710812,3.6640082240699807
2024-02-06 16:40:00,15.279859944420762,3.8353402342641387
2024-02-06 16:50:00,15.584838810212753,3.800529302380047
2024-02-06 17:00:00,14.67074981123992,3.8700219935404525
2024-02-06 17:10:00,14.350084039085086,3.716399230611178
2024-02-06 17:20:00,19.00892889433625,3.876737202059167
2024-02-06 17:30:00,14.308340488558532,3.7665438873811876
2024-02-06 17:40:00,15.151148714715582,3.7264213652326577
2024-02-06 17:50:00,12.271309260068731,3.697823184136085
2024-02-06 18:00:00,17.453586901594864,3.739156869536738
2024-02-06 18:10:00,12.621725138503109,3.93561061250276
2024-02-06 18:20:00,12.25296814339589,3.7087373622831374
2024-02-06 18:30:00,15.202114283868372,3.711129181408089
2024-02-06 18:40:00,15.197083444459789,3.7259012040202504
2024-02-06 18:50:00,17.892348531742186,3.7094877542590186
2024-02-06 19:00:00,14.195366901879254,3.6357608450194467
2024-02-06 19:10:00,19.098986577752378,3.859402574381763
2024-02-06 19:20:00,13.549708275913108,3.8386135475622374
2024-02-06 19:30:00,18.323599020469327,3.724825560442534
2024-02-06 19:40:00,15.281852451720818,3.943017170832054
2024-02-06 19:50:00,15.108805091641676,3.9737863016707267
2024-02-06 20:00:00,16.477464281173393,3.6414918937526926
2024-02-06 20:10:00,13.890376191494955,3.73230994075296
2024-02-06 20:20:00,16.31578769666255,3.8183681415234645
2024-02-06 20:30:00,15.907150973082727,3.6935095472197026
2024-02-06 20:40:00,18.995719502527326,3.5904330057884426
2024-02-06 20:50:00,18.28755159746414,3.704066832071057
2024-02-06 21:00:00,19.651158548191244,3.9358228187196707
2024-02-06 21:10:00,19.055188775611974,3.709622150725812
2024-02-06 21:20:00,19.20428557745382,3.9030623005486653
2024-02-06 21:30:00,17.795968501158672,3.830178801893409
2024-02-06 21:40:00,17.729685953149154,4.02447634045346
2024-02-06 21:50:00,22.09013378049185,3.809994290493811
2024-02-06 22:00:00,19.616652995709504,3.781614991311509
2024-02-06 22:10:00,21.263803415849207,3.764874732657945
2024-02-06 22:20:00,22.97338959772356,3.6750867808226406
2024-02-06 22:30:00,25.282840410214764,3.958391357342922
2024-02-06 22:40:00,18.33424250936355,3.8233828216725523
2024-02-06 22:50:00,25.31134983449544,3.6717282350779614
2024-02-06 23:00:00,22.805073805613233,3.671914135000324
2024-02-06 23:10:00,23.83887220468045,3.8416822582537256
2024-02-06 23:20:00,23.146803604839064,3.8157633670342372
2024-02-06 23:30:00,22.87594811755992,3.597732312959835
2024-02-06 23:40:00,24.18840858530352,3.6189661354150906
2024-02-06 23:50:00,24.319365867789124,3.7837857193025743
2024-02-07 00:00:00,21.195811941555306,3.8240834650350797
2024-02-07 00:10:00,24.97607498925339,3.734515512416727
2024-02-07 00:20:00,28.101529846589326,3.719774245387604
2024-02-07 00:30:00,25.629618066339063,3.971250798615416
2024-02-07 00:40:00,7.903647409944096,3.8357461416426277
2024-02-07 00:50:00,29.13111037620754,3.676031229293403
2024-02-07 01:00:00,25.69713360675007,3.7932525745321075
2024-02-07 01:10:00,29.371996286804073,3.6922235760631406
2024-02-07 01:20:00,27.919122637313304,3.709868999727359
2024-02-07 01:30:00,28.512562050816083,3.746250604078727
2024-02-07 01:40:00,30.61521819646699,3.752255915083271
2024-02-07 01:50:00,29.710213240180433,3.6027713222377624
2024-02-07 02:00:00,7.812667775421204,3.8353359991610616
2024-02-07 02:10:00,30.511079274131955,3.865571856693659
2024-02-07 02:20:00,28.32661863333244,3.697134001139977
2024-02-07 02:30:00,31.1960691418752,3.853103753366385
2024-02-07 02:40:00,34.73855434625369,3.725469161069544
2024-02-07 02:50:00,29.365940682448098,3.8253364629412254
2024-02-07 03:00:00,31.595543817579458,3.7744875723025437
2024-02-07 03:10:00,34.682244803081204,3.8178112866937943
2024-02-07 03:20:00,36.00239555357341,3.8451796728238286
2024-02-07 03:30:00,14.44975391372273,3.6919679313948888
2024-02-07 03:40:00,30.198752539668337,3.9156645822784215
2024-02-07 03:50:00,32.548711502770786,3.7968937600911383
2024-02-07 04:00:00,34.0004274131391,3.796492425453125
2024-02-07 04:10:00,35.52805293145617,3.497707578299253
2024-02-07 04:20:00,37.24194071468644,3.690982467966562
2024-02-07 04:30:00,32.59274184844959,3.687418837339868
2024-02-07 04:40:00,31.893737735613644,3.6791950575457606
2024-02-07 04:50:00,36.065050322394285,3.671340255398852
2024-02-07 05:00:00,34.48327024190151,3.8389527047368737
2024-02-07 05:10:00,31.956462863946435,3.692682891079925
2024-02-07 05:20:00,32.51413489059303,3.5978482707553616
2024-02-07 05:30:00,34.02045301786736,3.803807955289936
2024-02-07 05:40:00,34.287500849813405,3.7660150971987836
2024-02-07 05:50:00,33.90311013873071,3.24382320419285
2024-02-07 06:00:00,38.5443936457891,3.6763112557754685
2024-02-07 06:10:00,36.91117073665501,3.8017679229254164
2024-02-07 06:20:00,32.775543289825514,3.9210397619906123
2024-02-07 06:30:00,31.490770816323877,3.896731474877727
2024-02-07 06:40:00,38.070229424599326,3.6821291166417542
2024-02-07 06:50:00,29.385266270382406,3.6622809691052645
2024-02-07 07:00:00,34.90080659520637,3.991735056056095
2024-02-07 07:10:00,34.55162538766503,3.8451571374344726
2024-02-07 07:20:00,33.95529691626139,3.7619047845349542
2024-02-07 07:30:00,35.64226959869247,3.7326222439556638
2024-02-07 07:40:00,33.57543754547588,3.7060420157437672
2024-02-07 07:50:00,34.88326198094574,3.6156902597908966
2024-02-07 08:00:00,33.78290029117179,3.742971475721617
2024-02-07 08:10:00,33.26803336825833,3.7856451420274206
2024-02-07 08:20:00,28.876886904200138,3.823800002951606
2024-02-07 08:30:00,32.621230876789404,3.8328246046781524
2024-02-07 08:40:00,31.873695224929403,3.7337583216306682
2024-02-07 08:50:00,32.075697517147304,3.5553552520885168
2024-02-07 09:00:00,30.857906966767647,3.6161882279842414
2024-02-07 09:10:00,31.627373985749976,3.7433938336820796
2024-02-07 09:20:00,36.14377630961843,3.8695301042608414
2024-02-07 09:30:00,31.391739941674672,3.635192430773999
2024-02-07 09:40:00,31.767197805255776,3.8227435234720586
2024-02-07 09:50:00,33.375049508954106,3.5901260044100485
2024-02-07 10:00:00,29.679875854892344,3.646568483451168
2024-02-07 10:10:00,33.1853733430534,3.6170339859868195
2024-02-07 10:20:00,28.218365119446005,3.877537713781074
2024-02-07 10:30:00,25.103729359049414,3.9118223553060822
2024-02-07 10:40:00,28.08723989867779,3.7945189867403304
2024-02-07 10:50:00,27.992563649671858,3.8431392507977145
2024-02-07 11:00:00,25.785883203852766,3.666258911242229
2024-02-07 11:10:00,24.74120121130799,3.612293291853383
2024-02-07 11:20:00,26.447836602824832,3.8755468526174304
2024-02-07 11:30:00,28.429984956082993,3.8107965636282786
2024-02-07 11:40:00,27.33237062232512,3.836501344844704
2024-02-07 11:50:00,21.417998640180024,3.5968166213779003
2024-02-07 12:00:00,29.67514570648683,3.8919241445944674
2024-02-07 12:10:00,25.213431823117695,3.892175341834081
2024-02-07 12:20:00,23.518859038899283,3.6382435357671064
2024-02-07 12:30:00,17.258686377599602,3.653005742784997
2024-02-07 12:40:00,21.05114886102774,3.6404313042278615
2024-02-07 12:50:00,23.838153336576074,3.8754331628320795
2024-02-07 13:00:00,20.459303745762792,3.7004757998691185
2024-02-07 13:10:00,20.548429539442207,3.8662808244242552
2024-02-07 13:20:00,19.050340934982867,3.7751240303538958
2024-02-07 13:30:00,21.050999749810696,3.6668444641751834
2024-02-07 13:40:00,23.398402737124773,3.720724641594013
2024-02-07 13:50:00,19.457715260261587,3.868614202204174
2024-02-07 14:00:00,18.774369343200284,3.675004663546872
2024-02-07 14:10:00,19.044005684758144,3.827012627642242
2024-02-07 14:20:00,18.083282590397808,3.744592601213227
2024-02-07 14:30:00,19.61106987494928,3.7101260145019155
2024-02-07 14:40:00,18.91351412847175,3.753932488127822
2024-02-07 14:50:00,14.864637351753844,3.6878818591310787
2024-02-07 15:00:00,17.04318176497716,3.7534100094379776
2024-02-07 15:10:00,16.32025680769746,3.6872912122712296
2024-02-07 15:20:00,19.77682391845738,3.7269291008460486
2024-02-07 15:30:00,18.81183855351366,3.8225684057767313
2024-02-07 15:40:00,17.741019631891167,3.657260310160536
2024-02-07 15:50:00,17.09865568329341,3.8321130349997032
2024-02-07 16:00:00,14.898968971919713,3.697539757689541
2024-02-07 16:10:00,20.673249873087414,3.6938848223129566
2024-02-07 16:20:00,13.295459805883437,3.760762127579087
2024-02-07 16:30:00,13.894115866492564,3.6362030587217875
2024-02-07 16:40:00,32.21490811416216,3.7046714962273755
2024-02-07 16:50:00,13.355020828970964,3.777814741129155
2024-02-07 17:00:00,14.056294789578702,3.6131094725969124
2024-02-07 17:10:00,17.046412862862706,3.6295688718829577
2024-02-07 17:20:00,21.019270314456367,3.5768241470739612
2024-02-07 17:30:00,12.89102412254066,3.6569708265299266
2024-02-07 17:40:00,12.639636924996042,3.7138375992466885
2024-02-07 17:50:00,-3.655699323701384,3.617707824003245
2024-02-07 18:00:00,14.693581797903043,3.7335815735464184
2024-02-07 18:10:00,13.237486561181921,3.7070862733564667
2024-02-07 18:20:00,13.338419576515147,3.6697484293078304
2024-02-07 18:30:00,14.569240039813907,3.6651261221945397
2024-02-07 18:40:00,14.317554161433542,3.7450178319844456
2024-02-07 18:50:00,11.888324672878325,3.6830015004228476
2024-02-07 19:00:00,13.527622429465147,3.6380944185850357
2024-02-07 19:10:00,14.262290416724856,3.7637530644188435
2024-02-07 19:20:00,15.39139668867005,3.7580461427208225
2024-02-07 19:30:00,16.36616541192162,3.738326823947779
2024-02-07 19:40:00,19.99807383725081,3.6612409568537547
2024-02-07 19:50:00,19.01124013084696,3.1335966042176584
2024-02-07 20:00:00,17.985581508168647,3.555475091150467
2024-02-07 20:10:00,17.100189685978535,3.654454893557483
2024-02-07 20:20:00,18.31663935445974,3.820957198407105
2024-02-07 20:30:00,18.190374602750538,3.908346636790052
2024-02-07 20:40:00,16.42773978292226,3.740650728610281
2024-02-07 20:50:00,18.80177648504717,3.7660663174092646
2024-02-07 21:00:00,19.479686828079146,3.501745227519665
2024-02-07 21:10:00,16.86343661164894,3.8424094956654167
2024-02-07 21:20:00,18.0691766433047,3.760018759978026
2024-02-07 21:30:00,17.721287230173804,3.7506140491757662
2024-02-07 21:40:00,20.084599528816536,3.768310940984975
2024-02-07 21:50:00,23.064597658608644,3.508587749801225
2024-02-07 22:00:00,21.839769026340715,3.6953656119719223
2024-02-07 22:10:00,22.017477664590295,3.1658130030884535
2024-02-07 22:20:00,17.947459433368405,3.703461537288562
2024-02-07 22:30:00,20.70324048243376,3.6989296346222162
2024-02-07 22:40:00,25.833236397798753,3.663890500619427
2024-02-07 22:50:00,21.921563897138753,3.733708474511372
2024-02-07 23:00:00,21.763206683770193,3.8413433227908094
2024-02-07 23:10:00,20.896751697199473,3.684710743149485
2024-02-07 23:20:00,21.683110446474377,3.7562740284452723
2024-02-07 23:30:00,22.951036206813068,3.6317291378704413
2024-02-07 23:40:00,28.03713521795423,3.6365262811740773
2024-02-07 23:50:00,22.691198736623665,3.6065045816242716
